mode,workers,run,elapsed_ms,process_cpu_seconds,heap_alloc_mb
sequential,1,1,266.976900,0.250000,712.126
sequential,1,2,265.579300,0.250000,712.126
sequential,1,3,267.291000,0.250000,712.127
sequential,1,4,260.943400,0.265625,712.127
sequential,1,5,271.386500,0.265625,712.128
sequential,1,6,263.283300,0.265625,712.128
sequential,1,7,262.843900,0.265625,712.128
sequential,1,8,261.601100,0.265625,712.129
sequential,1,9,260.752700,0.250000,712.129
sequential,1,10,259.319200,0.265625,712.130
sequential,1,11,260.194600,0.265625,712.130
sequential,1,12,263.233300,0.250000,712.130
sequential,1,13,266.652400,0.265625,712.130
sequential,1,14,260.302800,0.250000,712.131
sequential,1,15,259.463300,0.265625,712.131
sequential,1,16,264.151700,0.250000,712.131
sequential,1,17,268.717700,0.265625,712.131
sequential,1,18,261.593200,0.265625,712.131
sequential,1,19,256.855800,0.250000,712.132
sequential,1,20,260.451300,0.265625,712.134
sequential,1,21,268.212800,0.265625,712.134
sequential,1,22,259.869900,0.265625,712.134
sequential,1,23,294.803600,0.265625,712.134
sequential,1,24,276.656100,0.281250,712.134
sequential,1,25,261.972800,0.265625,712.135
sequential,1,26,261.373900,0.250000,712.135
sequential,1,27,261.653100,0.234375,712.135
sequential,1,28,261.025800,0.265625,712.135
sequential,1,29,267.939100,0.250000,712.135
sequential,1,30,263.896300,0.250000,712.136
worker_pool,2,1,133.953200,0.281250,712.139
worker_pool,2,2,136.128900,0.250000,712.140
worker_pool,2,3,135.468800,0.296875,712.142
worker_pool,2,4,138.360500,0.265625,712.144
worker_pool,2,5,134.649500,0.281250,712.145
worker_pool,2,6,133.573300,0.250000,712.146
worker_pool,2,7,136.577500,0.281250,712.148
worker_pool,2,8,134.535800,0.250000,712.153
worker_pool,2,9,136.107500,0.234375,712.154
worker_pool,2,10,136.225800,0.281250,712.155
worker_pool,2,11,133.981000,0.234375,712.156
worker_pool,2,12,134.447600,0.265625,712.158
worker_pool,2,13,136.595500,0.250000,712.159
worker_pool,2,14,133.786300,0.250000,712.160
worker_pool,2,15,132.772500,0.265625,712.162
worker_pool,2,16,136.898000,0.281250,712.163
worker_pool,2,17,136.680200,0.250000,712.165
worker_pool,2,18,135.354900,0.265625,712.166
worker_pool,2,19,135.877800,0.265625,712.167
worker_pool,2,20,134.554800,0.234375,712.168
worker_pool,2,21,134.874800,0.265625,712.169
worker_pool,2,22,134.740300,0.265625,712.170
worker_pool,2,23,137.948900,0.234375,712.171
worker_pool,2,24,138.029500,0.265625,712.173
worker_pool,2,25,137.089700,0.281250,712.174
worker_pool,2,26,135.304600,0.265625,712.175
worker_pool,2,27,137.743500,0.265625,712.176
worker_pool,2,28,136.146300,0.234375,712.177
worker_pool,2,29,135.803000,0.281250,712.179
worker_pool,2,30,135.080600,0.265625,712.180
worker_pool,4,1,68.844700,0.250000,712.184
worker_pool,4,2,69.914000,0.234375,712.187
worker_pool,4,3,69.671100,0.265625,712.190
worker_pool,4,4,70.522800,0.250000,712.191
worker_pool,4,5,69.931500,0.312500,712.195
worker_pool,4,6,68.881200,0.265625,712.197
worker_pool,4,7,68.452500,0.312500,712.200
worker_pool,4,8,70.074700,0.250000,712.202
worker_pool,4,9,68.799500,0.296875,712.204
worker_pool,4,10,72.111200,0.250000,712.207
worker_pool,4,11,69.509900,0.312500,712.210
worker_pool,4,12,70.079600,0.250000,712.213
worker_pool,4,13,68.619400,0.296875,712.214
worker_pool,4,14,69.932300,0.234375,712.218
worker_pool,4,15,66.777500,0.250000,712.229
worker_pool,4,16,70.957500,0.312500,712.231
worker_pool,4,17,70.277600,0.218750,712.233
worker_pool,4,18,67.626600,0.296875,712.235
worker_pool,4,19,75.340000,0.265625,712.238
worker_pool,4,20,68.059900,0.250000,712.239
worker_pool,4,21,68.295200,0.265625,712.244
worker_pool,4,22,68.240700,0.312500,712.246
worker_pool,4,23,69.878200,0.250000,712.249
worker_pool,4,24,68.981100,0.296875,712.251
worker_pool,4,25,69.247200,0.234375,712.252
worker_pool,4,26,69.777400,0.250000,712.254
worker_pool,4,27,73.093700,0.250000,712.257
worker_pool,4,28,69.184500,0.265625,712.259
worker_pool,4,29,68.686500,0.265625,712.262
worker_pool,4,30,68.229400,0.234375,712.264
worker_pool,8,1,41.378300,0.359375,712.277
worker_pool,8,2,40.302300,0.296875,712.285
worker_pool,8,3,39.777100,0.250000,712.291
worker_pool,8,4,39.019200,0.328125,712.295
worker_pool,8,5,41.688300,0.250000,712.300
worker_pool,8,6,38.750500,0.375000,712.304
worker_pool,8,7,39.560500,0.250000,712.309
worker_pool,8,8,40.187400,0.359375,712.313
worker_pool,8,9,41.010000,0.250000,712.316
worker_pool,8,10,39.318900,0.234375,712.322
worker_pool,8,11,39.199600,0.296875,712.330
worker_pool,8,12,39.344800,0.281250,712.335
worker_pool,8,13,39.996500,0.359375,712.338
worker_pool,8,14,39.176400,0.218750,712.343
worker_pool,8,15,40.285500,0.390625,712.346
worker_pool,8,16,39.790300,0.234375,712.351
worker_pool,8,17,39.117900,0.375000,712.354
worker_pool,8,18,39.832400,0.250000,712.357
worker_pool,8,19,39.604500,0.375000,712.361
worker_pool,8,20,41.733200,0.296875,712.364
worker_pool,8,21,39.543600,0.250000,712.370
worker_pool,8,22,39.053500,0.375000,712.373
worker_pool,8,23,40.882400,0.250000,712.378
worker_pool,8,24,39.185300,0.375000,712.381
worker_pool,8,25,39.425500,0.250000,712.384
worker_pool,8,26,40.712600,0.343750,712.388
worker_pool,8,27,39.335000,0.312500,712.391
worker_pool,8,28,40.808200,0.250000,712.394
worker_pool,8,29,41.076400,0.359375,712.398
worker_pool,8,30,39.646300,0.250000,712.401
